,feature,importance
4,veichle_type,0.11771955209491204
8,general_cause_of_accident,0.11601055063570036
3,type_of_accident,0.1155770944855834
5,veichle_manufacturing_year,0.10811918842376697
7,general_veichle_brand,0.10659719672314795
2,city,0.1046409746975358
9,milestone,0.10418971093732635
6,person_age,0.10309482468219719
1,state,0.06967098672181361
0,week_day,0.05437992059801634
